{"cameraMode":{"drawMode":0,"name":"Shaded","section":"Shading Mode"},"sceneLighting":false,"audioPlay":false,"sceneViewState":{"showFog":true,"showMaterialUpdate":false,"showSkybox":false,"showFlares":true,"showImageEffects":true,"showParticleSystems":true,"showVisualEffectGraphs":true,"m_FxEnabled":true},"in2DMode":false,"pivot":{"x":0.019999980926513673,"y":-0.25999999046325686,"z":39.290000915527347},"rotation":{"x":-0.5104978084564209,"y":-0.011095626279711724,"z":0.006586201023310423,"w":-0.8597885370254517},"size":2.965542793273926,"orthographic":false}