{"cameraMode":{"drawMode":0,"name":"Shaded","section":"Shading Mode"},"sceneLighting":false,"audioPlay":false,"sceneViewState":{"showFog":true,"showMaterialUpdate":false,"showSkybox":false,"showFlares":true,"showImageEffects":true,"showParticleSystems":true,"showVisualEffectGraphs":true,"m_FxEnabled":true},"in2DMode":false,"pivot":{"x":0.17852985858917237,"y":0.4335651397705078,"z":2.2899999618530275},"rotation":{"x":0.5511776208877564,"y":-0.0447549894452095,"z":0.029614752158522607,"w":0.8326954245567322},"size":0.8046977519989014,"orthographic":false}