{"cameraMode":{"drawMode":0,"name":"Shaded","section":"Shading Mode"},"sceneLighting":false,"audioPlay":false,"sceneViewState":{"showFog":true,"showMaterialUpdate":false,"showSkybox":false,"showFlares":true,"showImageEffects":true,"showParticleSystems":true,"showVisualEffectGraphs":true,"m_FxEnabled":true},"in2DMode":false,"pivot":{"x":0.7102484703063965,"y":0.48000001907348635,"z":2.4000000953674318},"rotation":{"x":-0.4630405902862549,"y":-0.06212982162833214,"z":0.03256227448582649,"w":-0.8835650086402893},"size":0.38405728340148928,"orthographic":false}