{"cameraMode":{"drawMode":0,"name":"Shaded","section":"Shading Mode"},"sceneLighting":true,"audioPlay":false,"sceneViewState":{"showFog":true,"showMaterialUpdate":false,"showSkybox":true,"showFlares":true,"showImageEffects":true,"showParticleSystems":true,"showVisualEffectGraphs":true,"m_FxEnabled":true},"in2DMode":false,"pivot":{"x":0.05011892318725586,"y":2.804474353790283,"z":0.03741121292114258},"rotation":{"x":0.40031734108924868,"y":0.017063090577721597,"z":-0.008185755461454392,"w":0.9162924289703369},"size":10.062176704406739,"orthographic":false}