{"cameraMode":{"drawMode":0,"name":"Shaded","section":"Shading Mode"},"sceneLighting":false,"audioPlay":false,"sceneViewState":{"showFog":true,"showMaterialUpdate":false,"showSkybox":false,"showFlares":true,"showImageEffects":true,"showParticleSystems":true,"showVisualEffectGraphs":true,"m_FxEnabled":true},"in2DMode":false,"pivot":{"x":-0.18743538856506349,"y":-0.5408276915550232,"z":37.516605377197269},"rotation":{"x":-0.22606012225151063,"y":0.6787995100021362,"z":-0.23183411359786988,"w":-0.6592469215393066},"size":3.9215922355651857,"orthographic":false}