{"cameraMode":{"drawMode":0,"name":"Shaded","section":"Shading Mode"},"sceneLighting":false,"audioPlay":false,"sceneViewState":{"showFog":true,"showMaterialUpdate":false,"showSkybox":false,"showFlares":true,"showImageEffects":true,"showParticleSystems":true,"showVisualEffectGraphs":true,"m_FxEnabled":true},"in2DMode":false,"pivot":{"x":-0.12999999523162843,"y":0.4300000071525574,"z":2.2899999618530275},"rotation":{"x":0.1824357658624649,"y":0.6073970794677734,"z":-0.14595453441143037,"w":0.7592980265617371},"size":0.6123725175857544,"orthographic":false}