{"cameraMode":{"drawMode":0,"name":"Shaded","section":"Shading Mode"},"sceneLighting":false,"audioPlay":false,"sceneViewState":{"showFog":true,"showMaterialUpdate":false,"showSkybox":false,"showFlares":true,"showImageEffects":true,"showParticleSystems":true,"showVisualEffectGraphs":true,"m_FxEnabled":true},"in2DMode":false,"pivot":{"x":0.7165868282318115,"y":1.3462363481521607,"z":1.881199598312378},"rotation":{"x":-0.24548694491386414,"y":0.27965113520622256,"z":-0.07377180457115174,"w":-0.925316333770752},"size":0.17320512235164643,"orthographic":false}