{"cameraMode":{"drawMode":0,"name":"Shaded","section":"Shading Mode"},"sceneLighting":false,"audioPlay":false,"sceneViewState":{"showFog":true,"showMaterialUpdate":false,"showSkybox":false,"showFlares":true,"showImageEffects":true,"showParticleSystems":true,"showVisualEffectGraphs":true,"m_FxEnabled":true},"in2DMode":false,"pivot":{"x":0.7102484703063965,"y":0.48000001907348635,"z":2.4000000953674318},"rotation":{"x":0.019562041386961938,"y":-0.8942654132843018,"z":0.44562193751335146,"w":0.03852799907326698},"size":0.38405728340148928,"orthographic":false}