{"cameraMode":{"drawMode":0,"name":"Shaded","section":"Shading Mode"},"sceneLighting":false,"audioPlay":false,"sceneViewState":{"showFog":true,"showMaterialUpdate":false,"showSkybox":false,"showFlares":true,"showImageEffects":true,"showParticleSystems":true,"showVisualEffectGraphs":true,"m_FxEnabled":true},"in2DMode":false,"pivot":{"x":-1.1678848266601563,"y":0.7757452726364136,"z":-0.09368056058883667},"rotation":{"x":0.00524381035938859,"y":0.8362178802490234,"z":-0.00841131154447794,"w":0.5484335422515869},"size":1.3732051849365235,"orthographic":false}