{"cameraMode":{"drawMode":0,"name":"Shaded","section":"Shading Mode"},"sceneLighting":false,"audioPlay":false,"sceneViewState":{"showFog":true,"showMaterialUpdate":false,"showSkybox":false,"showFlares":true,"showImageEffects":true,"showParticleSystems":true,"showVisualEffectGraphs":true,"m_FxEnabled":true},"in2DMode":false,"pivot":{"x":0.7165868282318115,"y":1.3462363481521607,"z":1.881199598312378},"rotation":{"x":-0.5984832048416138,"y":0.013454485684633255,"z":-0.010054560378193856,"w":-0.8009630441665649},"size":0.8660253882408142,"orthographic":false}