{"cameraMode":{"drawMode":0,"name":"Shaded","section":"Shading Mode"},"sceneLighting":false,"audioPlay":false,"sceneViewState":{"showFog":true,"showMaterialUpdate":false,"showSkybox":false,"showFlares":true,"showImageEffects":true,"showParticleSystems":true,"showVisualEffectGraphs":true,"m_FxEnabled":true},"in2DMode":false,"pivot":{"x":0.7165868282318115,"y":1.3462363481521607,"z":1.881199598312378},"rotation":{"x":-0.17942263185977937,"y":0.46861985325813296,"z":-0.09783148020505905,"w":-0.8594422936439514},"size":0.8660253882408142,"orthographic":false}