{"cameraMode":{"drawMode":0,"name":"Shaded","section":"Shading Mode"},"sceneLighting":false,"audioPlay":false,"sceneViewState":{"showFog":true,"showMaterialUpdate":false,"showSkybox":false,"showFlares":true,"showImageEffects":true,"showParticleSystems":true,"showVisualEffectGraphs":true,"m_FxEnabled":true},"in2DMode":false,"pivot":{"x":0.7165868282318115,"y":1.3462363481521607,"z":1.881199598312378},"rotation":{"x":0.21434274315834046,"y":0.5535179376602173,"z":-0.15039312839508058,"w":0.7907021641731262},"size":0.25980764627456667,"orthographic":false}