{"cameraMode":{"drawMode":0,"name":"Shaded","section":"Shading Mode"},"sceneLighting":false,"audioPlay":false,"sceneViewState":{"showFog":true,"showMaterialUpdate":false,"showSkybox":false,"showFlares":true,"showImageEffects":true,"showParticleSystems":true,"showVisualEffectGraphs":true,"m_FxEnabled":true},"in2DMode":false,"pivot":{"x":0.3447212278842926,"y":-1.8315850496292115,"z":44.673126220703128},"rotation":{"x":0.6586394309997559,"y":0.03656085208058357,"z":-0.03250141069293022,"w":0.7509667873382568},"size":13.330979347229004,"orthographic":false}